{
  "seed": 456,
  "timestamp": "2026-04-02T13:12:33.397629",
  "metrics": {
    "mtrace_temporal_precision": 1.0,
    "shap_temporal_precision": 0.0,
    "mtrace_overhead_ms": 0.5935309989581581,
    "baseline_latency_ms": 0.5223072790831791,
    "overhead_percentage": 13.63636363636364,
    "noise_sigma": 0.15
  },
  "additional_metrics": {
    "noise_sigma": 0.15,
    "baseline_latency_ms": 2.2664114007056924,
    "mtrace_latency_ms": 2.8599423996638507,
    "overhead_percentage": 26.188140369102904,
    "raw_precision_scores": [
      1,
      1,
      1,
      1,
      1
    ],
    "n_samples": 5
  }
}