{
  "seed": 123,
  "timestamp": "2026-04-02T13:12:26.114685",
  "metrics": {
    "mtrace_temporal_precision": 1.0,
    "shap_temporal_precision": 0.0,
    "mtrace_overhead_ms": 0.5402098999184092,
    "baseline_latency_ms": 0.4753847119282001,
    "overhead_percentage": 13.636363636363633,
    "noise_sigma": 0.15
  },
  "additional_metrics": {
    "noise_sigma": 0.15,
    "baseline_latency_ms": 2.2640842998953303,
    "mtrace_latency_ms": 2.8042941998137394,
    "overhead_percentage": 23.859972879251153,
    "raw_precision_scores": [
      1,
      1,
      1,
      1,
      1
    ],
    "n_samples": 5
  }
}