{
  "seed": 1011,
  "timestamp": "2026-04-02T13:12:48.162710",
  "metrics": {
    "mtrace_temporal_precision": 1.0,
    "shap_temporal_precision": 0.0,
    "mtrace_overhead_ms": 0.5971162998321231,
    "baseline_latency_ms": 0.5254623438522683,
    "overhead_percentage": 13.63636363636364,
    "noise_sigma": 0.15
  },
  "additional_metrics": {
    "noise_sigma": 0.15,
    "baseline_latency_ms": 2.287029900253401,
    "mtrace_latency_ms": 2.8841462000855245,
    "overhead_percentage": 26.10881037305035,
    "raw_precision_scores": [
      1,
      1,
      1,
      1,
      1
    ],
    "n_samples": 5
  }
}