{
  "seed": 789,
  "timestamp": "2026-04-02T13:12:40.684594",
  "metrics": {
    "mtrace_temporal_precision": 1.0,
    "shap_temporal_precision": 0.0,
    "mtrace_overhead_ms": 0.592811299065943,
    "baseline_latency_ms": 0.5216739431780298,
    "overhead_percentage": 13.636363636363633,
    "noise_sigma": 0.15
  },
  "additional_metrics": {
    "noise_sigma": 0.15,
    "baseline_latency_ms": 2.257926900711027,
    "mtrace_latency_ms": 2.85073819977697,
    "overhead_percentage": 26.254671879734687,
    "raw_precision_scores": [
      1,
      1,
      1,
      1,
      1
    ],
    "n_samples": 5
  }
}