metric,mean,std,n_seeds
M-TRACE Temporal Alignment ⭐,0.9202655771195097,0.0019001449639951598,5
M-TRACE Causality (Pearson),0.020936007249366468,0.07446492841679092,5
Captum Causality (Pearson),0.14620350462826648,0.009876934271831088,5
Training Time (sec),90.13939255700025,0.3015818720066599,5
Overhead (%),17.647058823529417,7.32410687763558e-15,5
Active Layers Analyzed,12.0,0.0,5
