metric,mean,std,n_seeds
M-TRACE Causality Score,0.10928450276157435,0.15097968182708352,5
Captum Causality Score,0.32,0.0,5
Training Time (sec),93.00254365420042,0.3312073476150972,5
Overhead (%),17.64705882352942,3.972054645195637e-15,5
Active Layers Analyzed,12.0,0.0,5
