metric,mean,std,n_seeds
M-TRACE Causality Score,0.020936007249366468,0.07446492841679092,5
Captum Causality Score,0.14620350462826648,0.009876934271831088,5
Training Time (sec),90.79262950579941,0.4489275388323263,5
Overhead (%),17.647058823529413,8.140289677804162e-15,5
Active Layers Analyzed,12.0,0.0,5
