{
  "seed": 123,
  "timestamp": "2026-04-02T13:12:10.927440",
  "metrics": {
    "mtrace_temporal_precision": 1.0,
    "shap_temporal_precision": 0.0,
    "mtrace_overhead_ms": 33.48670999985188,
    "baseline_latency_ms": 29.468304799869657,
    "overhead_percentage": 13.636363636363635,
    "noise_sigma": 0.15
  },
  "additional_metrics": {
    "elapsed_time_seconds": 0.1674335499992594,
    "n_samples": 5,
    "raw_precision_values": [
      1,
      1,
      1,
      1,
      1,
      1,
      1,
      1,
      1,
      1,
      1,
      1,
      1,
      1,
      1,
      1,
      1,
      1,
      1,
      1
    ]
  }
}