{
  "seed": 123,
  "timestamp": "2026-03-23T09:06:40.827555",
  "metrics": {
    "mtrace_temporal_precision": 1.0,
    "shap_temporal_precision": 0.0,
    "mtrace_overhead_ms": 1.0037619002105205,
    "baseline_latency_ms": 0.883310472185258,
    "overhead_percentage": 13.636363636363633
  },
  "additional_metrics": {
    "baseline_latency_ms": 1.4041865998478897,
    "mtrace_latency_ms": 2.40794850005841,
    "overhead_percentage": 71.48351225679367,
    "raw_precision_scores": [
      1,
      1,
      1,
      1,
      1
    ],
    "n_samples": 5
  }
}