{
  "seed": 789,
  "timestamp": "2026-03-23T09:06:55.063267",
  "metrics": {
    "mtrace_temporal_precision": 1.0,
    "shap_temporal_precision": 0.0,
    "mtrace_overhead_ms": 0.9825116999309103,
    "baseline_latency_ms": 0.864610295939201,
    "overhead_percentage": 13.636363636363635
  },
  "additional_metrics": {
    "baseline_latency_ms": 1.4663234000181546,
    "mtrace_latency_ms": 2.448835099949065,
    "overhead_percentage": 67.00511632827696,
    "raw_precision_scores": [
      1,
      1,
      1,
      1,
      1
    ],
    "n_samples": 5
  }
}