{
  "seed": 789,
  "timestamp": "2026-04-02T13:12:11.261637",
  "metrics": {
    "mtrace_temporal_precision": 1.0,
    "shap_temporal_precision": 0.0,
    "mtrace_overhead_ms": 33.33591640039231,
    "baseline_latency_ms": 29.33560643234523,
    "overhead_percentage": 13.636363636363635,
    "noise_sigma": 0.15
  },
  "additional_metrics": {
    "elapsed_time_seconds": 0.16667958200196153,
    "n_samples": 5,
    "raw_precision_values": [
      1,
      1,
      1,
      1,
      1,
      1,
      1,
      1,
      1,
      1,
      1,
      1,
      1,
      1,
      1,
      1,
      1,
      1,
      1,
      1
    ]
  }
}