{
  "seed": 456,
  "timestamp": "2026-03-26T10:23:58.331364",
  "metrics": {
    "mtrace_temporal_precision": 1.0,
    "shap_temporal_precision": 0.0,
    "mtrace_overhead_ms": 34.25284860059037,
    "baseline_latency_ms": 30.142506768519524,
    "overhead_percentage": 13.636363636363635
  },
  "additional_metrics": {
    "elapsed_time_seconds": 0.17126424300295184,
    "n_samples": 5,
    "raw_precision_values": [
      1,
      1,
      1,
      1,
      1,
      1,
      1,
      1,
      1,
      1,
      1,
      1,
      1,
      1,
      1,
      1,
      1,
      1,
      1,
      1
    ]
  }
}