{
  "seed": 123,
  "timestamp": "2026-03-26T10:23:58.159636",
  "metrics": {
    "mtrace_temporal_precision": 1.0,
    "shap_temporal_precision": 0.0,
    "mtrace_overhead_ms": 34.219679400121095,
    "baseline_latency_ms": 30.113317872106563,
    "overhead_percentage": 13.636363636363635
  },
  "additional_metrics": {
    "elapsed_time_seconds": 0.17109839700060547,
    "n_samples": 5,
    "raw_precision_values": [
      1,
      1,
      1,
      1,
      1,
      1,
      1,
      1,
      1,
      1,
      1,
      1,
      1,
      1,
      1,
      1,
      1,
      1,
      1,
      1
    ]
  }
}