{
  "seed": 1011,
  "timestamp": "2026-03-23T09:07:02.145985",
  "metrics": {
    "mtrace_temporal_precision": 1.0,
    "shap_temporal_precision": 0.0,
    "mtrace_overhead_ms": 1.0428590999254084,
    "baseline_latency_ms": 0.9177160079343594,
    "overhead_percentage": 13.636363636363635
  },
  "additional_metrics": {
    "baseline_latency_ms": 1.3921432000643108,
    "mtrace_latency_ms": 2.435002299989719,
    "overhead_percentage": 74.9103324914587,
    "raw_precision_scores": [
      1,
      1,
      1,
      1,
      1
    ],
    "n_samples": 5
  }
}