metric,mean,std,n_seeds,ci_95_lower,ci_95_upper
M-TRACE Temporal Precision,1.0,0.0,5,1.0,1.0
SHAP Temporal Precision,0.0,0.0,5,0.0,0.0
M-TRACE Overhead (ms),84.77255804013112,112.49798767786679,5,-54.91214312984701,224.45725921010924
M-TRACE Overhead (%),13.636363636363635,0.0,5,13.636363636363635,13.636363636363635
