metric,mean,std,n_seeds,ci_95_lower,ci_95_upper
M-TRACE Temporal Precision,1.0,0.0,5,1.0,1.0
SHAP Temporal Precision,0.0,0.0,5,0.0,0.0
M-TRACE Overhead (ms),84.23123492015293,111.88552393778286,5,-54.69299207355775,223.1554619138636
M-TRACE Overhead (%),13.636363636363635,0.0,5,13.636363636363635,13.636363636363635
