{
  "metric": [
    "M-TRACE Temporal Precision",
    "SHAP Temporal Precision",
    "M-TRACE Overhead (ms)",
    "M-TRACE Overhead (%)"
  ],
  "mean": [
    1.0,
    0.0,
    84.77255804013112,
    13.636363636363635
  ],
  "std": [
    0.0,
    0.0,
    112.49798767786679,
    0.0
  ],
  "n_seeds": [
    5,
    5,
    5,
    5
  ],
  "ci_95_lower": [
    1.0,
    0.0,
    -54.91214312984701,
    13.636363636363635
  ],
  "ci_95_upper": [
    1.0,
    0.0,
    224.45725921010924,
    13.636363636363635
  ]
}