{
  "metric": [
    "M-TRACE Temporal Precision",
    "SHAP Temporal Precision",
    "M-TRACE Overhead (ms)",
    "M-TRACE Overhead (%)",
    "Noise Sigma (\u03c3)"
  ],
  "mean": [
    1.0,
    0.0,
    84.80954348022351,
    13.636363636363635,
    0.15
  ],
  "std": [
    0.0,
    0.0,
    115.06103293926928,
    0.0,
    0.0
  ],
  "n_seeds": [
    5,
    5,
    5,
    5,
    5
  ],
  "ci_95_lower": [
    1.0,
    0.0,
    -58.05759871660487,
    13.636363636363635,
    0.15
  ],
  "ci_95_upper": [
    1.0,
    0.0,
    227.6766856770519,
    13.636363636363635,
    0.15
  ]
}