{
  "metric": [
    "M-TRACE Temporal Precision",
    "SHAP Temporal Precision",
    "M-TRACE Overhead (ms)",
    "M-TRACE Overhead (%)"
  ],
  "mean": [
    1.0,
    0.0,
    1.0109360799469869,
    13.636363636363635
  ],
  "std": [
    0.0,
    0.0,
    0.03180345639909497,
    2.808666774861361e-15
  ],
  "n_seeds": [
    5,
    5,
    5,
    5
  ],
  "ci_95_lower": [
    1.0,
    0.0,
    0.9714468731177875,
    13.636363636363631
  ],
  "ci_95_upper": [
    1.0,
    0.0,
    1.0504252867761863,
    13.636363636363638
  ]
}