{
  "metric": [
    "M-TRACE Temporal Precision",
    "SHAP Temporal Precision",
    "M-TRACE Overhead (ms)",
    "M-TRACE Overhead (%)"
  ],
  "mean": [
    1.0,
    0.0,
    84.23123492015293,
    13.636363636363635
  ],
  "std": [
    0.0,
    0.0,
    111.88552393778286,
    0.0
  ],
  "n_seeds": [
    5,
    5,
    5,
    5
  ],
  "ci_95_lower": [
    1.0,
    0.0,
    -54.69299207355775,
    13.636363636363635
  ],
  "ci_95_upper": [
    1.0,
    0.0,
    223.1554619138636,
    13.636363636363635
  ]
}