metric,mean,std,n_seeds,ci_95_lower,ci_95_upper
M-TRACE Temporal Precision,1.0,0.0,5,1.0,1.0
SHAP Temporal Precision,0.0,0.0,5,0.0,0.0
M-TRACE Overhead (ms),84.80954348022351,115.06103293926928,5,-58.05759871660487,227.6766856770519
M-TRACE Overhead (%),13.636363636363635,0.0,5,13.636363636363635,13.636363636363635
Noise Sigma (σ),0.15,0.0,5,0.15,0.15
