{
  "seed": 1011,
  "metrics": {
    "bert": {
      "csrv": 0.98,
      "std": 0.14070529413628965
    },
    "roberta": {
      "csrv": 0.57,
      "std": 0.497569851956243
    }
  }
}