{
  "thresholds": [
    0.1,
    0.15,
    0.2
  ],
  "seeds": [
    42,
    123,
    456,
    789,
    1011
  ],
  "results": {
    "0.1": {
      "bert": {
        "mean": 0.515,
        "std": 0.0
      },
      "roberta": {
        "mean": 0.495,
        "std": 0.0
      }
    },
    "0.15": {
      "bert": {
        "mean": 0.51,
        "std": 0.0
      },
      "roberta": {
        "mean": 0.49000000000000005,
        "std": 6.206335383118183e-17
      }
    },
    "0.2": {
      "bert": {
        "mean": 0.5,
        "std": 0.0
      },
      "roberta": {
        "mean": 0.485,
        "std": 0.0
      }
    }
  }
}