{
  "seed": 456,
  "metrics": {
    "bert": {
      "csvr": 0.5,
      "csvr_std": 0.5012547071170855,
      "mdg": 0.5,
      "mdg_std": 0.5012547071170855,
      "sensitivity": 0.48,
      "sensitivity_std": 0.5008535428214359,
      "overhead_ms": 110.79952565488384,
      "overhead_std": 44.48691813740733
    },
    "roberta": {
      "csvr": 0.485,
      "csvr_std": 0.5010290917239925,
      "mdg": 0.485,
      "mdg_std": 0.5010290917239925,
      "sensitivity": 0.51,
      "sensitivity_std": 0.5011544461485624,
      "overhead_ms": 113.86187720506314,
      "overhead_std": 44.614056828860605
    }
  },
  "successful_models": [
    "bert",
    "roberta"
  ],
  "failed_models": []
}