{
  "real_vs_real": [
    -0.012094458534503326,
    0.0
  ],
  "noise_vs_real": [
    0.0029071436730395733,
    0.034216143555784825
  ],
  "real_vs_noise": [
    0.011139044452841083,
    0.03504593868998607
  ],
  "noise_vs_noise": [
    0.0017626853358281983,
    0.02669244863249278
  ]
}