{
  "seed": 456,
  "metrics": {
    "bert": {
      "taf": 0.9225,
      "taf_std": 0.1130398603743158,
      "atc": 0.0,
      "atc_std": 0.0,
      "overhead_ms": 111.72675771998304,
      "overhead_std": 45.380672792538334
    },
    "roberta": {
      "taf": 0.9660000000000001,
      "taf_std": 0.18005201775317592,
      "atc": 0.0,
      "atc_std": 0.0,
      "overhead_ms": 115.71805557332785,
      "overhead_std": 45.69576600770675
    }
  },
  "successful_models": [
    "bert",
    "roberta"
  ],
  "failed_models": []
}